               epoch,      train/box_loss,      train/obj_loss,      train/cls_loss,   metrics/precision,      metrics/recall,     metrics/mAP_0.5,metrics/mAP_0.5:0.95,        val/box_loss,        val/obj_loss,        val/cls_loss,               x/lr0,               x/lr1,               x/lr2
                   0,            0.071786,            0.028508,            0.047511,                   0,                   0,                   0,                   0,                   0,            0.010879,                   0,            0.070187,           0.0033125,           0.0033125
                   1,            0.051652,            0.023675,            0.041827,                   0,                   0,                   0,                   0,                   0,           0.0061435,                   0,            0.040166,           0.0066239,           0.0066239
                   2,            0.051984,            0.020115,            0.037528,                   0,                   0,                   0,                   0,                   0,           0.0036123,                   0,            0.010122,           0.0099133,           0.0099133
                   3,            0.050551,            0.017451,            0.032868,                   0,                   0,                   0,                   0,                   0,            0.006404,                   0,            0.009901,            0.009901,            0.009901
                   4,              0.0474,            0.015495,             0.02745,                   0,                   0,                   0,                   0,                   0,           0.0061011,                   0,            0.009901,            0.009901,            0.009901
                   5,            0.043235,            0.014494,            0.024525,                   0,                   0,                   0,                   0,                   0,           0.0070317,                   0,            0.009868,            0.009868,            0.009868
                   6,            0.039987,            0.013833,            0.021599,                   0,                   0,                   0,                   0,                   0,           0.0069106,                   0,            0.009835,            0.009835,            0.009835
                   7,            0.040217,            0.013625,            0.018834,                   0,                   0,                   0,                   0,                   0,           0.0054125,                   0,            0.009802,            0.009802,            0.009802
                   8,            0.035788,            0.011996,            0.016008,                   0,                   0,                   0,                   0,                   0,           0.0039085,                   0,            0.009769,            0.009769,            0.009769
                   9,            0.033656,            0.012206,             0.01614,                   0,                   0,                   0,                   0,                   0,           0.0030043,                   0,            0.009736,            0.009736,            0.009736
                  10,            0.032355,            0.011471,            0.014487,                   0,                   0,                   0,                   0,                   0,           0.0025731,                   0,            0.009703,            0.009703,            0.009703
                  11,            0.032469,            0.010914,            0.012721,                   0,                   0,                   0,                   0,                   0,           0.0028588,                   0,             0.00967,             0.00967,             0.00967
                  12,            0.029973,            0.011187,            0.011475,                   0,                   0,                   0,                   0,                   0,           0.0019174,                   0,            0.009637,            0.009637,            0.009637
                  13,            0.030982,            0.010681,            0.011074,                   0,                   0,                   0,                   0,                   0,           0.0020158,                   0,            0.009604,            0.009604,            0.009604
                  14,            0.028496,            0.010726,           0.0092376,                   0,                   0,                   0,                   0,                   0,             0.00218,                   0,            0.009571,            0.009571,            0.009571
                  15,            0.030712,            0.010341,           0.0092308,                   0,                   0,                   0,                   0,                   0,           0.0029531,                   0,            0.009538,            0.009538,            0.009538
                  16,             0.03047,            0.010543,           0.0096561,                   0,                   0,                   0,                   0,                   0,           0.0044053,                   0,            0.009505,            0.009505,            0.009505
                  17,            0.024981,            0.010152,           0.0083519,                   0,                   0,                   0,                   0,                   0,           0.0042182,                   0,            0.009472,            0.009472,            0.009472
                  18,            0.026228,           0.0098372,           0.0077338,                   0,                   0,                   0,                   0,                   0,           0.0036948,                   0,            0.009439,            0.009439,            0.009439
                  19,            0.026967,            0.010296,           0.0070026,                   0,                   0,                   0,                   0,                   0,           0.0039153,                   0,            0.009406,            0.009406,            0.009406
                  20,            0.026594,           0.0099105,           0.0084375,                   0,                   0,                   0,                   0,                   0,           0.0049704,                   0,            0.009373,            0.009373,            0.009373
                  21,             0.02602,             0.01005,           0.0072494,                   0,                   0,                   0,                   0,                   0,           0.0048954,                   0,             0.00934,             0.00934,             0.00934
                  22,             0.02647,           0.0097379,           0.0068971,                   0,                   0,                   0,                   0,                   0,           0.0045078,                   0,            0.009307,            0.009307,            0.009307
                  23,            0.024749,            0.010072,           0.0077348,                   0,                   0,                   0,                   0,                   0,           0.0057778,                   0,            0.009274,            0.009274,            0.009274
                  24,             0.02595,           0.0096997,           0.0074451,                   0,                   0,                   0,                   0,                   0,            0.004664,                   0,            0.009241,            0.009241,            0.009241
                  25,            0.024695,           0.0091064,           0.0080561,                   0,                   0,                   0,                   0,                   0,           0.0035051,                   0,            0.009208,            0.009208,            0.009208
                  26,            0.024787,            0.010109,           0.0086105,                   0,                   0,                   0,                   0,                   0,           0.0039483,                   0,            0.009175,            0.009175,            0.009175
                  27,            0.022801,           0.0092193,           0.0053713,                   0,                   0,                   0,                   0,                   0,           0.0050371,                   0,            0.009142,            0.009142,            0.009142
                  28,            0.023616,           0.0095795,           0.0067611,                   0,                   0,                   0,                   0,                   0,           0.0042027,                   0,            0.009109,            0.009109,            0.009109
                  29,            0.022107,           0.0088074,           0.0056625,                   0,                   0,                   0,                   0,                   0,           0.0034555,                   0,            0.009076,            0.009076,            0.009076
                  30,            0.022648,           0.0093613,           0.0058679,                   0,                   0,                   0,                   0,                   0,           0.0045764,                   0,            0.009043,            0.009043,            0.009043
                  31,            0.022506,           0.0098625,           0.0071425,                   0,                   0,                   0,                   0,                   0,           0.0051003,                   0,             0.00901,             0.00901,             0.00901
                  32,            0.023805,           0.0093193,           0.0061514,                   0,                   0,                   0,                   0,                   0,            0.005036,                   0,            0.008977,            0.008977,            0.008977
                  33,            0.023305,           0.0089947,            0.005287,                   0,                   0,                   0,                   0,                   0,            0.004389,                   0,            0.008944,            0.008944,            0.008944
                  34,            0.023389,           0.0093956,           0.0058724,                   0,                   0,                   0,                   0,                   0,           0.0053136,                   0,            0.008911,            0.008911,            0.008911
                  35,            0.020865,           0.0084803,           0.0053694,                   0,                   0,                   0,                   0,                   0,           0.0051844,                   0,            0.008878,            0.008878,            0.008878
                  36,            0.020624,           0.0086393,           0.0057978,                   0,                   0,                   0,                   0,                   0,            0.004733,                   0,            0.008845,            0.008845,            0.008845
                  37,            0.022879,           0.0095054,           0.0057997,                   0,                   0,                   0,                   0,                   0,           0.0052425,                   0,            0.008812,            0.008812,            0.008812
                  38,             0.02384,           0.0091721,           0.0056473,                   0,                   0,                   0,                   0,                   0,           0.0043026,                   0,            0.008779,            0.008779,            0.008779
                  39,            0.023801,           0.0086699,           0.0047349,                   0,                   0,                   0,                   0,                   0,           0.0047957,                   0,            0.008746,            0.008746,            0.008746
                  40,            0.023473,           0.0088695,           0.0049088,                   0,                   0,                   0,                   0,                   0,            0.004224,                   0,            0.008713,            0.008713,            0.008713
                  41,            0.022294,           0.0083706,           0.0049855,                   0,                   0,                   0,                   0,                   0,           0.0047764,                   0,             0.00868,             0.00868,             0.00868
                  42,            0.021409,           0.0083305,           0.0042297,                   0,                   0,                   0,                   0,                   0,           0.0060926,                   0,            0.008647,            0.008647,            0.008647
                  43,            0.020934,           0.0090005,           0.0045243,                   0,                   0,                   0,                   0,                   0,           0.0057331,                   0,            0.008614,            0.008614,            0.008614
                  44,            0.020964,           0.0081192,           0.0046608,                   0,                   0,                   0,                   0,                   0,           0.0044005,                   0,            0.008581,            0.008581,            0.008581
                  45,             0.02209,           0.0087899,           0.0037823,                   0,                   0,                   0,                   0,                   0,            0.004433,                   0,            0.008548,            0.008548,            0.008548
                  46,             0.02007,           0.0083425,           0.0040837,                   0,                   0,                   0,                   0,                   0,           0.0049627,                   0,            0.008515,            0.008515,            0.008515
                  47,            0.020694,           0.0085621,           0.0038493,                   0,                   0,                   0,                   0,                   0,           0.0047856,                   0,            0.008482,            0.008482,            0.008482
                  48,            0.020811,           0.0085494,           0.0039672,                   0,                   0,                   0,                   0,                   0,           0.0049178,                   0,            0.008449,            0.008449,            0.008449
                  49,            0.019834,           0.0083021,            0.003706,                   0,                   0,                   0,                   0,                   0,           0.0053577,                   0,            0.008416,            0.008416,            0.008416
                  50,            0.020797,           0.0085555,           0.0034704,                   0,                   0,                   0,                   0,                   0,           0.0044277,                   0,            0.008383,            0.008383,            0.008383
                  51,            0.020007,           0.0082586,            0.004037,                   0,                   0,                   0,                   0,                   0,           0.0048254,                   0,             0.00835,             0.00835,             0.00835
                  52,            0.021346,            0.009092,           0.0056198,                   0,                   0,                   0,                   0,                   0,              0.0058,                   0,            0.008317,            0.008317,            0.008317
                  53,            0.019733,           0.0083966,           0.0042514,                   0,                   0,                   0,                   0,                   0,           0.0049535,                   0,            0.008284,            0.008284,            0.008284
                  54,             0.01911,           0.0084032,           0.0046809,                   0,                   0,                   0,                   0,                   0,           0.0043228,                   0,            0.008251,            0.008251,            0.008251
                  55,            0.019244,           0.0087822,           0.0044646,                   0,                   0,                   0,                   0,                   0,           0.0050763,                   0,            0.008218,            0.008218,            0.008218
                  56,            0.019314,           0.0083459,            0.003574,                   0,                   0,                   0,                   0,                   0,           0.0052106,                   0,            0.008185,            0.008185,            0.008185
                  57,            0.019818,           0.0084965,           0.0040136,                   0,                   0,                   0,                   0,                   0,           0.0053506,                   0,            0.008152,            0.008152,            0.008152
                  58,             0.01962,           0.0090204,           0.0039604,                   0,                   0,                   0,                   0,                   0,           0.0052137,                   0,            0.008119,            0.008119,            0.008119
                  59,            0.019449,           0.0083476,            0.004133,                   0,                   0,                   0,                   0,                   0,           0.0052076,                   0,            0.008086,            0.008086,            0.008086
                  60,            0.020186,            0.008575,           0.0051035,                   0,                   0,                   0,                   0,                   0,           0.0053515,                   0,            0.008053,            0.008053,            0.008053
                  61,            0.018406,           0.0084018,           0.0045318,                   0,                   0,                   0,                   0,                   0,             0.00507,                   0,             0.00802,             0.00802,             0.00802
                  62,            0.018733,           0.0088156,           0.0032159,                   0,                   0,                   0,                   0,                   0,           0.0046367,                   0,            0.007987,            0.007987,            0.007987
                  63,            0.019418,           0.0082088,           0.0044786,                   0,                   0,                   0,                   0,                   0,           0.0049594,                   0,            0.007954,            0.007954,            0.007954
                  64,            0.018038,           0.0083616,           0.0038566,                   0,                   0,                   0,                   0,                   0,           0.0051786,                   0,            0.007921,            0.007921,            0.007921
                  65,            0.017675,           0.0081385,           0.0036647,                   0,                   0,                   0,                   0,                   0,           0.0062339,                   0,            0.007888,            0.007888,            0.007888
                  66,            0.018944,           0.0082341,           0.0040419,                   0,                   0,                   0,                   0,                   0,           0.0065705,                   0,            0.007855,            0.007855,            0.007855
                  67,             0.01833,           0.0078522,           0.0033961,                   0,                   0,                   0,                   0,                   0,           0.0059496,                   0,            0.007822,            0.007822,            0.007822
                  68,            0.018027,           0.0080741,           0.0037393,                   0,                   0,                   0,                   0,                   0,           0.0053455,                   0,            0.007789,            0.007789,            0.007789
                  69,            0.018543,           0.0082724,           0.0035855,                   0,                   0,                   0,                   0,                   0,           0.0052232,                   0,            0.007756,            0.007756,            0.007756
                  70,            0.018325,           0.0082748,           0.0032589,                   0,                   0,                   0,                   0,                   0,           0.0054484,                   0,            0.007723,            0.007723,            0.007723
                  71,            0.019341,           0.0082514,           0.0038915,                   0,                   0,                   0,                   0,                   0,           0.0058541,                   0,             0.00769,             0.00769,             0.00769
                  72,            0.017009,            0.008139,           0.0033067,                   0,                   0,                   0,                   0,                   0,           0.0062535,                   0,            0.007657,            0.007657,            0.007657
                  73,            0.018778,           0.0087226,           0.0034063,                   0,                   0,                   0,                   0,                   0,           0.0053967,                   0,            0.007624,            0.007624,            0.007624
                  74,            0.018327,           0.0083888,           0.0031638,                   0,                   0,                   0,                   0,                   0,           0.0054272,                   0,            0.007591,            0.007591,            0.007591
                  75,            0.017358,           0.0080583,           0.0022649,                   0,                   0,                   0,                   0,                   0,           0.0053591,                   0,            0.007558,            0.007558,            0.007558
                  76,             0.01763,           0.0078032,           0.0034479,                   0,                   0,                   0,                   0,                   0,           0.0054342,                   0,            0.007525,            0.007525,            0.007525
                  77,            0.017086,           0.0081673,           0.0028552,                   0,                   0,                   0,                   0,                   0,           0.0063907,                   0,            0.007492,            0.007492,            0.007492
                  78,            0.017776,           0.0074786,           0.0028359,                   0,                   0,                   0,                   0,                   0,           0.0059066,                   0,            0.007459,            0.007459,            0.007459
                  79,            0.017794,           0.0077957,           0.0024687,                   0,                   0,                   0,                   0,                   0,           0.0051231,                   0,            0.007426,            0.007426,            0.007426
                  80,            0.017963,           0.0074982,           0.0030187,                   0,                   0,                   0,                   0,                   0,           0.0056441,                   0,            0.007393,            0.007393,            0.007393
                  81,            0.017187,           0.0079824,           0.0030806,                   0,                   0,                   0,                   0,                   0,           0.0058217,                   0,             0.00736,             0.00736,             0.00736
                  82,            0.016409,           0.0075474,           0.0025415,                   0,                   0,                   0,                   0,                   0,           0.0058859,                   0,            0.007327,            0.007327,            0.007327
                  83,            0.017598,           0.0080733,           0.0028361,                   0,                   0,                   0,                   0,                   0,           0.0057599,                   0,            0.007294,            0.007294,            0.007294
                  84,             0.01831,           0.0082376,           0.0027898,                   0,                   0,                   0,                   0,                   0,            0.005485,                   0,            0.007261,            0.007261,            0.007261
                  85,            0.017981,           0.0077849,           0.0031609,                   0,                   0,                   0,                   0,                   0,           0.0051128,                   0,            0.007228,            0.007228,            0.007228
                  86,            0.017208,           0.0082586,           0.0030537,                   0,                   0,                   0,                   0,                   0,            0.006191,                   0,            0.007195,            0.007195,            0.007195
                  87,            0.016443,           0.0071104,           0.0040613,                   0,                   0,                   0,                   0,                   0,           0.0060283,                   0,            0.007162,            0.007162,            0.007162
                  88,            0.017537,           0.0078537,           0.0039727,                   0,                   0,                   0,                   0,                   0,           0.0059048,                   0,            0.007129,            0.007129,            0.007129
                  89,            0.017645,           0.0079285,           0.0027263,                   0,                   0,                   0,                   0,                   0,           0.0055929,                   0,            0.007096,            0.007096,            0.007096
                  90,            0.016706,           0.0077519,           0.0034201,                   0,                   0,                   0,                   0,                   0,           0.0058973,                   0,            0.007063,            0.007063,            0.007063
                  91,            0.018464,           0.0086057,           0.0031571,                   0,                   0,                   0,                   0,                   0,           0.0056833,                   0,             0.00703,             0.00703,             0.00703
                  92,            0.016332,           0.0072591,            0.003741,                   0,                   0,                   0,                   0,                   0,             0.00551,                   0,            0.006997,            0.006997,            0.006997
                  93,            0.016549,           0.0076965,           0.0029119,                   0,                   0,                   0,                   0,                   0,           0.0057397,                   0,            0.006964,            0.006964,            0.006964
                  94,             0.01712,           0.0077433,           0.0036646,                   0,                   0,                   0,                   0,                   0,           0.0057999,                   0,            0.006931,            0.006931,            0.006931
                  95,            0.016268,           0.0075476,           0.0027991,                   0,                   0,                   0,                   0,                   0,           0.0061047,                   0,            0.006898,            0.006898,            0.006898
                  96,            0.015454,           0.0075233,           0.0030434,                   0,                   0,                   0,                   0,                   0,           0.0066269,                   0,            0.006865,            0.006865,            0.006865
                  97,             0.01557,           0.0075474,            0.002737,                   0,                   0,                   0,                   0,                   0,           0.0066126,                   0,            0.006832,            0.006832,            0.006832
                  98,             0.01678,            0.007323,           0.0033613,                   0,                   0,                   0,                   0,                   0,           0.0071434,                   0,            0.006799,            0.006799,            0.006799
                  99,            0.016247,           0.0077823,           0.0027996,                   0,                   0,                   0,                   0,                   0,           0.0073585,                   0,            0.006766,            0.006766,            0.006766
                 100,            0.017588,           0.0078314,           0.0029652,                   0,                   0,                   0,                   0,                   0,           0.0072588,                   0,            0.006733,            0.006733,            0.006733
                 101,            0.016505,           0.0074167,           0.0023858,                   0,                   0,                   0,                   0,                   0,           0.0071791,                   0,              0.0067,              0.0067,              0.0067
                 102,            0.016701,           0.0076367,           0.0025643,                   0,                   0,                   0,                   0,                   0,           0.0067762,                   0,            0.006667,            0.006667,            0.006667
                 103,            0.017005,           0.0072279,           0.0035225,                   0,                   0,                   0,                   0,                   0,           0.0063767,                   0,            0.006634,            0.006634,            0.006634
                 104,            0.016695,           0.0074977,           0.0026612,                   0,                   0,                   0,                   0,                   0,           0.0068413,                   0,            0.006601,            0.006601,            0.006601
                 105,            0.016724,           0.0076333,           0.0020318,                   0,                   0,                   0,                   0,                   0,           0.0062422,                   0,            0.006568,            0.006568,            0.006568
                 106,            0.017033,           0.0073074,            0.002684,                   0,                   0,                   0,                   0,                   0,           0.0058557,                   0,            0.006535,            0.006535,            0.006535
                 107,             0.01682,           0.0073047,           0.0022558,                   0,                   0,                   0,                   0,                   0,           0.0057407,                   0,            0.006502,            0.006502,            0.006502
                 108,            0.015886,           0.0071162,              0.0028,                   0,                   0,                   0,                   0,                   0,           0.0059347,                   0,            0.006469,            0.006469,            0.006469
                 109,            0.015442,           0.0075686,           0.0031989,                   0,                   0,                   0,                   0,                   0,           0.0062778,                   0,            0.006436,            0.006436,            0.006436
                 110,            0.014937,           0.0075211,           0.0024138,                   0,                   0,                   0,                   0,                   0,           0.0065857,                   0,            0.006403,            0.006403,            0.006403
                 111,            0.016189,           0.0069551,           0.0022244,                   0,                   0,                   0,                   0,                   0,           0.0066327,                   0,             0.00637,             0.00637,             0.00637
                 112,            0.015799,           0.0075648,           0.0026408,                   0,                   0,                   0,                   0,                   0,           0.0070458,                   0,            0.006337,            0.006337,            0.006337
                 113,            0.016722,           0.0073894,           0.0024628,                   0,                   0,                   0,                   0,                   0,           0.0071647,                   0,            0.006304,            0.006304,            0.006304
                 114,            0.015794,           0.0078725,           0.0019983,                   0,                   0,                   0,                   0,                   0,            0.007101,                   0,            0.006271,            0.006271,            0.006271
                 115,            0.016636,           0.0075964,           0.0021362,                   0,                   0,                   0,                   0,                   0,           0.0070238,                   0,            0.006238,            0.006238,            0.006238
                 116,            0.016362,           0.0075098,           0.0022845,                   0,                   0,                   0,                   0,                   0,            0.007041,                   0,            0.006205,            0.006205,            0.006205
                 117,             0.01484,           0.0075723,           0.0022531,                   0,                   0,                   0,                   0,                   0,           0.0070901,                   0,            0.006172,            0.006172,            0.006172
                 118,            0.015311,           0.0074191,           0.0022117,                   0,                   0,                   0,                   0,                   0,           0.0072895,                   0,            0.006139,            0.006139,            0.006139
                 119,            0.016009,             0.00771,           0.0031076,                   0,                   0,                   0,                   0,                   0,           0.0071281,                   0,            0.006106,            0.006106,            0.006106
                 120,            0.015218,           0.0073796,           0.0027013,                   0,                   0,                   0,                   0,                   0,           0.0070735,                   0,            0.006073,            0.006073,            0.006073
                 121,            0.014444,           0.0072362,           0.0021097,                   0,                   0,                   0,                   0,                   0,            0.007059,                   0,             0.00604,             0.00604,             0.00604
                 122,            0.015152,            0.007289,           0.0021506,                   0,                   0,                   0,                   0,                   0,           0.0067515,                   0,            0.006007,            0.006007,            0.006007
                 123,            0.016246,           0.0075991,           0.0023195,                   0,                   0,                   0,                   0,                   0,           0.0067059,                   0,            0.005974,            0.005974,            0.005974
                 124,            0.015556,           0.0071099,           0.0023314,                   0,                   0,                   0,                   0,                   0,           0.0062667,                   0,            0.005941,            0.005941,            0.005941
                 125,            0.015364,           0.0075996,           0.0031117,                   0,                   0,                   0,                   0,                   0,           0.0055462,                   0,            0.005908,            0.005908,            0.005908
                 126,            0.015081,            0.007449,           0.0024575,                   0,                   0,                   0,                   0,                   0,            0.005283,                   0,            0.005875,            0.005875,            0.005875
                 127,            0.014808,           0.0073328,           0.0022167,                   0,                   0,                   0,                   0,                   0,           0.0063308,                   0,            0.005842,            0.005842,            0.005842
                 128,            0.015005,            0.007518,           0.0027572,                   0,                   0,                   0,                   0,                   0,           0.0065049,                   0,            0.005809,            0.005809,            0.005809
                 129,            0.014299,           0.0073754,           0.0026079,                   0,                   0,                   0,                   0,                   0,           0.0060198,                   0,            0.005776,            0.005776,            0.005776
                 130,            0.015465,           0.0073145,           0.0019908,                   0,                   0,                   0,                   0,                   0,           0.0061709,                   0,            0.005743,            0.005743,            0.005743
                 131,            0.014489,            0.007063,           0.0027588,                   0,                   0,                   0,                   0,                   0,           0.0066594,                   0,             0.00571,             0.00571,             0.00571
                 132,            0.014689,           0.0071116,            0.001709,                   0,                   0,                   0,                   0,                   0,           0.0062946,                   0,            0.005677,            0.005677,            0.005677
                 133,            0.014503,           0.0070751,           0.0026662,                   0,                   0,                   0,                   0,                   0,           0.0060939,                   0,            0.005644,            0.005644,            0.005644
                 134,             0.01359,           0.0068635,           0.0019709,                   0,                   0,                   0,                   0,                   0,           0.0058325,                   0,            0.005611,            0.005611,            0.005611
                 135,            0.015299,            0.007013,           0.0015839,                   0,                   0,                   0,                   0,                   0,           0.0064566,                   0,            0.005578,            0.005578,            0.005578
                 136,            0.015058,           0.0070826,           0.0028475,                   0,                   0,                   0,                   0,                   0,           0.0064437,                   0,            0.005545,            0.005545,            0.005545
                 137,            0.014314,           0.0067877,           0.0020776,                   0,                   0,                   0,                   0,                   0,           0.0065523,                   0,            0.005512,            0.005512,            0.005512
                 138,            0.015634,           0.0071623,           0.0020999,                   0,                   0,                   0,                   0,                   0,            0.006633,                   0,            0.005479,            0.005479,            0.005479
                 139,            0.014309,           0.0069769,           0.0015146,                   0,                   0,                   0,                   0,                   0,           0.0064202,                   0,            0.005446,            0.005446,            0.005446
                 140,            0.014513,           0.0073616,           0.0015029,                   0,                   0,                   0,                   0,                   0,           0.0064934,                   0,            0.005413,            0.005413,            0.005413
                 141,             0.01449,           0.0068609,           0.0018544,                   0,                   0,                   0,                   0,                   0,           0.0067281,                   0,             0.00538,             0.00538,             0.00538
                 142,            0.015136,           0.0074418,           0.0015699,                   0,                   0,                   0,                   0,                   0,           0.0067603,                   0,            0.005347,            0.005347,            0.005347
                 143,            0.014301,           0.0072417,           0.0017002,                   0,                   0,                   0,                   0,                   0,           0.0067702,                   0,            0.005314,            0.005314,            0.005314
                 144,            0.014179,           0.0065324,           0.0010788,                   0,                   0,                   0,                   0,                   0,           0.0064793,                   0,            0.005281,            0.005281,            0.005281
                 145,             0.01383,           0.0069318,           0.0014089,                   0,                   0,                   0,                   0,                   0,           0.0066504,                   0,            0.005248,            0.005248,            0.005248
                 146,            0.014317,           0.0071337,            0.001699,                   0,                   0,                   0,                   0,                   0,           0.0071393,                   0,            0.005215,            0.005215,            0.005215
                 147,            0.013985,           0.0066701,            0.001426,                   0,                   0,                   0,                   0,                   0,           0.0070063,                   0,            0.005182,            0.005182,            0.005182
                 148,             0.01327,           0.0066531,           0.0015028,                   0,                   0,                   0,                   0,                   0,           0.0067354,                   0,            0.005149,            0.005149,            0.005149
                 149,            0.014133,           0.0067813,           0.0019991,                   0,                   0,                   0,                   0,                   0,           0.0068862,                   0,            0.005116,            0.005116,            0.005116
                 150,            0.014275,           0.0065273,           0.0016528,                   0,                   0,                   0,                   0,                   0,           0.0065368,                   0,            0.005083,            0.005083,            0.005083
                 151,            0.013378,           0.0070317,           0.0023613,                   0,                   0,                   0,                   0,                   0,           0.0057723,                   0,             0.00505,             0.00505,             0.00505
                 152,            0.013888,            0.007081,            0.001731,                   0,                   0,                   0,                   0,                   0,           0.0061749,                   0,            0.005017,            0.005017,            0.005017
                 153,            0.014217,           0.0066474,           0.0020483,                   0,                   0,                   0,                   0,                   0,           0.0064311,                   0,            0.004984,            0.004984,            0.004984
                 154,            0.013704,           0.0067652,           0.0016002,                   0,                   0,                   0,                   0,                   0,           0.0070284,                   0,            0.004951,            0.004951,            0.004951
                 155,            0.014227,           0.0074264,           0.0018967,                   0,                   0,                   0,                   0,                   0,           0.0071135,                   0,            0.004918,            0.004918,            0.004918
                 156,            0.014536,           0.0070482,            0.002472,                   0,                   0,                   0,                   0,                   0,            0.007407,                   0,            0.004885,            0.004885,            0.004885
                 157,            0.014247,           0.0072219,           0.0021736,                   0,                   0,                   0,                   0,                   0,           0.0076168,                   0,            0.004852,            0.004852,            0.004852
                 158,            0.014529,           0.0072785,           0.0018742,                   0,                   0,                   0,                   0,                   0,           0.0069326,                   0,            0.004819,            0.004819,            0.004819
                 159,            0.013579,           0.0069561,           0.0013714,                   0,                   0,                   0,                   0,                   0,           0.0066113,                   0,            0.004786,            0.004786,            0.004786
                 160,            0.014422,           0.0072984,           0.0017747,                   0,                   0,                   0,                   0,                   0,           0.0065464,                   0,            0.004753,            0.004753,            0.004753
                 161,            0.015208,           0.0072881,           0.0021193,                   0,                   0,                   0,                   0,                   0,           0.0068706,                   0,             0.00472,             0.00472,             0.00472
                 162,             0.01451,           0.0071076,           0.0013977,                   0,                   0,                   0,                   0,                   0,           0.0071899,                   0,            0.004687,            0.004687,            0.004687
                 163,            0.013564,            0.006676,           0.0018598,                   0,                   0,                   0,                   0,                   0,           0.0074636,                   0,            0.004654,            0.004654,            0.004654
                 164,            0.013748,           0.0064627,           0.0018298,                   0,                   0,                   0,                   0,                   0,           0.0072466,                   0,            0.004621,            0.004621,            0.004621
                 165,            0.014154,           0.0068029,           0.0020406,                   0,                   0,                   0,                   0,                   0,           0.0072571,                   0,            0.004588,            0.004588,            0.004588
                 166,            0.012609,           0.0066251,           0.0017989,                   0,                   0,                   0,                   0,                   0,           0.0074407,                   0,            0.004555,            0.004555,            0.004555
                 167,            0.013764,           0.0072126,           0.0016079,                   0,                   0,                   0,                   0,                   0,           0.0077404,                   0,            0.004522,            0.004522,            0.004522
                 168,            0.013147,            0.006852,           0.0014786,                   0,                   0,                   0,                   0,                   0,           0.0075114,                   0,            0.004489,            0.004489,            0.004489
                 169,            0.013902,           0.0070476,           0.0017655,                   0,                   0,                   0,                   0,                   0,           0.0065243,                   0,            0.004456,            0.004456,            0.004456
                 170,            0.013831,           0.0068293,           0.0019547,                   0,                   0,                   0,                   0,                   0,           0.0061829,                   0,            0.004423,            0.004423,            0.004423
                 171,            0.012855,           0.0066913,           0.0010549,                   0,                   0,                   0,                   0,                   0,           0.0066787,                   0,             0.00439,             0.00439,             0.00439
                 172,            0.013752,           0.0067721,           0.0017255,                   0,                   0,                   0,                   0,                   0,           0.0066273,                   0,            0.004357,            0.004357,            0.004357
                 173,            0.012934,           0.0065266,           0.0013774,                   0,                   0,                   0,                   0,                   0,           0.0070785,                   0,            0.004324,            0.004324,            0.004324
                 174,            0.013658,           0.0069596,           0.0017163,                   0,                   0,                   0,                   0,                   0,           0.0072318,                   0,            0.004291,            0.004291,            0.004291
                 175,            0.012686,           0.0067122,           0.0015563,                   0,                   0,                   0,                   0,                   0,           0.0073856,                   0,            0.004258,            0.004258,            0.004258
                 176,            0.012882,           0.0064474,           0.0012621,                   0,                   0,                   0,                   0,                   0,           0.0072765,                   0,            0.004225,            0.004225,            0.004225
                 177,             0.01286,            0.006298,           0.0014991,                   0,                   0,                   0,                   0,                   0,            0.006769,                   0,            0.004192,            0.004192,            0.004192
                 178,            0.013391,           0.0066953,            0.001371,                   0,                   0,                   0,                   0,                   0,           0.0069375,                   0,            0.004159,            0.004159,            0.004159
                 179,            0.013871,           0.0068273,          0.00099877,                   0,                   0,                   0,                   0,                   0,            0.007101,                   0,            0.004126,            0.004126,            0.004126
                 180,            0.012985,           0.0064533,           0.0013524,                   0,                   0,                   0,                   0,                   0,           0.0070273,                   0,            0.004093,            0.004093,            0.004093
                 181,             0.01306,           0.0071093,           0.0012398,                   0,                   0,                   0,                   0,                   0,            0.006655,                   0,             0.00406,             0.00406,             0.00406
                 182,            0.013303,           0.0069119,           0.0012893,                   0,                   0,                   0,                   0,                   0,           0.0062031,                   0,            0.004027,            0.004027,            0.004027
                 183,            0.012757,           0.0065118,           0.0014537,                   0,                   0,                   0,                   0,                   0,           0.0067231,                   0,            0.003994,            0.003994,            0.003994
                 184,            0.012163,           0.0064235,           0.0014572,                   0,                   0,                   0,                   0,                   0,           0.0070911,                   0,            0.003961,            0.003961,            0.003961
                 185,            0.012266,           0.0064438,          0.00094067,                   0,                   0,                   0,                   0,                   0,           0.0076212,                   0,            0.003928,            0.003928,            0.003928
                 186,            0.012801,           0.0065555,           0.0010585,                   0,                   0,                   0,                   0,                   0,           0.0077052,                   0,            0.003895,            0.003895,            0.003895
                 187,            0.011605,           0.0062367,          0.00096059,                   0,                   0,                   0,                   0,                   0,           0.0076127,                   0,            0.003862,            0.003862,            0.003862
                 188,            0.013264,           0.0069281,           0.0013751,                   0,                   0,                   0,                   0,                   0,           0.0076606,                   0,            0.003829,            0.003829,            0.003829
                 189,            0.012833,           0.0064331,           0.0012718,                   0,                   0,                   0,                   0,                   0,             0.00789,                   0,            0.003796,            0.003796,            0.003796
                 190,            0.012685,            0.006885,           0.0013624,                   0,                   0,                   0,                   0,                   0,           0.0074185,                   0,            0.003763,            0.003763,            0.003763
                 191,             0.01258,            0.006278,           0.0014671,                   0,                   0,                   0,                   0,                   0,           0.0073201,                   0,             0.00373,             0.00373,             0.00373
                 192,            0.013268,           0.0070258,           0.0018302,                   0,                   0,                   0,                   0,                   0,           0.0075509,                   0,            0.003697,            0.003697,            0.003697
                 193,            0.012565,           0.0069923,           0.0017586,                   0,                   0,                   0,                   0,                   0,           0.0077085,                   0,            0.003664,            0.003664,            0.003664
                 194,            0.013031,           0.0065649,           0.0013031,                   0,                   0,                   0,                   0,                   0,           0.0076692,                   0,            0.003631,            0.003631,            0.003631
                 195,             0.01272,           0.0063289,           0.0015044,                   0,                   0,                   0,                   0,                   0,            0.007658,                   0,            0.003598,            0.003598,            0.003598
                 196,            0.011934,           0.0062644,            0.001615,                   0,                   0,                   0,                   0,                   0,           0.0074728,                   0,            0.003565,            0.003565,            0.003565
                 197,            0.012211,           0.0064838,           0.0013098,                   0,                   0,                   0,                   0,                   0,           0.0074179,                   0,            0.003532,            0.003532,            0.003532
                 198,            0.011866,           0.0063263,           0.0013607,                   0,                   0,                   0,                   0,                   0,           0.0073586,                   0,            0.003499,            0.003499,            0.003499
                 199,            0.012836,           0.0065712,           0.0012293,                   0,                   0,                   0,                   0,                   0,           0.0072449,                   0,            0.003466,            0.003466,            0.003466
                 200,            0.013203,           0.0063789,           0.0011027,                   0,                   0,                   0,                   0,                   0,           0.0069224,                   0,            0.003433,            0.003433,            0.003433
                 201,            0.011599,           0.0063387,          0.00081039,                   0,                   0,                   0,                   0,                   0,           0.0067815,                   0,              0.0034,              0.0034,              0.0034
                 202,            0.012522,           0.0064624,          0.00097035,                   0,                   0,                   0,                   0,                   0,           0.0071419,                   0,            0.003367,            0.003367,            0.003367
                 203,            0.012216,           0.0065159,           0.0012619,                   0,                   0,                   0,                   0,                   0,           0.0073266,                   0,            0.003334,            0.003334,            0.003334
                 204,             0.01244,           0.0064668,           0.0010124,                   0,                   0,                   0,                   0,                   0,            0.007214,                   0,            0.003301,            0.003301,            0.003301
                 205,            0.011677,           0.0063736,          0.00092211,                   0,                   0,                   0,                   0,                   0,              0.0073,                   0,            0.003268,            0.003268,            0.003268
                 206,            0.012578,           0.0067231,           0.0012161,                   0,                   0,                   0,                   0,                   0,           0.0073821,                   0,            0.003235,            0.003235,            0.003235
                 207,            0.012306,           0.0061169,           0.0010782,                   0,                   0,                   0,                   0,                   0,           0.0075331,                   0,            0.003202,            0.003202,            0.003202
                 208,            0.012651,            0.006334,          0.00093907,                   0,                   0,                   0,                   0,                   0,            0.007698,                   0,            0.003169,            0.003169,            0.003169
                 209,            0.011594,           0.0062539,           0.0011453,                   0,                   0,                   0,                   0,                   0,           0.0076505,                   0,            0.003136,            0.003136,            0.003136
                 210,            0.011938,           0.0062741,           0.0012848,                   0,                   0,                   0,                   0,                   0,           0.0073687,                   0,            0.003103,            0.003103,            0.003103
                 211,             0.01152,           0.0063413,           0.0013372,                   0,                   0,                   0,                   0,                   0,           0.0075477,                   0,             0.00307,             0.00307,             0.00307
                 212,            0.012292,           0.0065771,           0.0014485,                   0,                   0,                   0,                   0,                   0,           0.0076633,                   0,            0.003037,            0.003037,            0.003037
                 213,            0.011464,           0.0059639,           0.0011532,                   0,                   0,                   0,                   0,                   0,           0.0082683,                   0,            0.003004,            0.003004,            0.003004
                 214,            0.012556,           0.0063744,           0.0015593,                   0,                   0,                   0,                   0,                   0,           0.0087663,                   0,            0.002971,            0.002971,            0.002971
                 215,            0.012238,           0.0066087,           0.0014277,                   0,                   0,                   0,                   0,                   0,           0.0087187,                   0,            0.002938,            0.002938,            0.002938
                 216,            0.012256,           0.0066204,           0.0014881,                   0,                   0,                   0,                   0,                   0,           0.0083583,                   0,            0.002905,            0.002905,            0.002905
                 217,            0.010501,           0.0062847,           0.0015761,                   0,                   0,                   0,                   0,                   0,           0.0079491,                   0,            0.002872,            0.002872,            0.002872
                 218,            0.011196,            0.006599,           0.0021166,                   0,                   0,                   0,                   0,                   0,           0.0077807,                   0,            0.002839,            0.002839,            0.002839
                 219,            0.011834,           0.0060895,           0.0018375,                   0,                   0,                   0,                   0,                   0,           0.0077273,                   0,            0.002806,            0.002806,            0.002806
                 220,            0.011359,           0.0061859,           0.0011251,                   0,                   0,                   0,                   0,                   0,           0.0076617,                   0,            0.002773,            0.002773,            0.002773
                 221,            0.010846,           0.0060503,           0.0013386,                   0,                   0,                   0,                   0,                   0,           0.0077769,                   0,             0.00274,             0.00274,             0.00274
                 222,            0.011619,           0.0063238,           0.0011957,                   0,                   0,                   0,                   0,                   0,           0.0079162,                   0,            0.002707,            0.002707,            0.002707
                 223,            0.011407,           0.0062725,           0.0010742,                   0,                   0,                   0,                   0,                   0,           0.0077921,                   0,            0.002674,            0.002674,            0.002674
                 224,            0.011514,           0.0063532,          0.00093397,                   0,                   0,                   0,                   0,                   0,           0.0076123,                   0,            0.002641,            0.002641,            0.002641
                 225,            0.011338,           0.0063559,           0.0013558,                   0,                   0,                   0,                   0,                   0,           0.0076059,                   0,            0.002608,            0.002608,            0.002608
                 226,            0.010927,           0.0061475,          0.00083138,                   0,                   0,                   0,                   0,                   0,           0.0078288,                   0,            0.002575,            0.002575,            0.002575
                 227,            0.011712,           0.0061273,           0.0015698,                   0,                   0,                   0,                   0,                   0,           0.0080383,                   0,            0.002542,            0.002542,            0.002542
                 228,            0.011122,            0.005993,          0.00097357,                   0,                   0,                   0,                   0,                   0,           0.0081826,                   0,            0.002509,            0.002509,            0.002509
                 229,            0.011303,           0.0061804,          0.00097047,                   0,                   0,                   0,                   0,                   0,           0.0082629,                   0,            0.002476,            0.002476,            0.002476
                 230,            0.011684,           0.0062464,           0.0013773,                   0,                   0,                   0,                   0,                   0,           0.0084141,                   0,            0.002443,            0.002443,            0.002443
                 231,              0.0112,           0.0064281,            0.001064,                   0,                   0,                   0,                   0,                   0,           0.0082535,                   0,             0.00241,             0.00241,             0.00241
                 232,            0.010818,            0.005635,          0.00088606,                   0,                   0,                   0,                   0,                   0,           0.0083804,                   0,            0.002377,            0.002377,            0.002377
                 233,            0.012197,           0.0067074,           0.0010208,                   0,                   0,                   0,                   0,                   0,           0.0082728,                   0,            0.002344,            0.002344,            0.002344
                 234,            0.011179,           0.0060397,           0.0010373,                   0,                   0,                   0,                   0,                   0,           0.0080262,                   0,            0.002311,            0.002311,            0.002311
                 235,            0.010649,           0.0060143,           0.0009623,                   0,                   0,                   0,                   0,                   0,           0.0079927,                   0,            0.002278,            0.002278,            0.002278
                 236,            0.010441,           0.0062671,          0.00082853,                   0,                   0,                   0,                   0,                   0,           0.0077935,                   0,            0.002245,            0.002245,            0.002245
                 237,            0.010779,           0.0057288,          0.00086254,                   0,                   0,                   0,                   0,                   0,           0.0080275,                   0,            0.002212,            0.002212,            0.002212
                 238,            0.010874,           0.0060386,          0.00065238,                   0,                   0,                   0,                   0,                   0,            0.008472,                   0,            0.002179,            0.002179,            0.002179
                 239,            0.010935,           0.0062805,          0.00069512,                   0,                   0,                   0,                   0,                   0,           0.0084196,                   0,            0.002146,            0.002146,            0.002146
                 240,            0.010799,           0.0060516,           0.0014051,                   0,                   0,                   0,                   0,                   0,           0.0082342,                   0,            0.002113,            0.002113,            0.002113
                 241,            0.010813,           0.0062911,          0.00097164,                   0,                   0,                   0,                   0,                   0,           0.0082084,                   0,             0.00208,             0.00208,             0.00208
                 242,            0.011227,           0.0062995,           0.0016881,                   0,                   0,                   0,                   0,                   0,           0.0083042,                   0,            0.002047,            0.002047,            0.002047
                 243,            0.010764,           0.0062116,           0.0012514,                   0,                   0,                   0,                   0,                   0,            0.008568,                   0,            0.002014,            0.002014,            0.002014
                 244,            0.010486,           0.0061582,          0.00099819,                   0,                   0,                   0,                   0,                   0,           0.0084982,                   0,            0.001981,            0.001981,            0.001981
                 245,            0.010962,           0.0061528,          0.00083318,                   0,                   0,                   0,                   0,                   0,           0.0085967,                   0,            0.001948,            0.001948,            0.001948
                 246,            0.010419,           0.0059826,           0.0010892,                   0,                   0,                   0,                   0,                   0,           0.0087093,                   0,            0.001915,            0.001915,            0.001915
                 247,            0.010988,           0.0061439,          0.00075568,                   0,                   0,                   0,                   0,                   0,           0.0084779,                   0,            0.001882,            0.001882,            0.001882
                 248,            0.010249,           0.0060912,           0.0008717,                   0,                   0,                   0,                   0,                   0,           0.0084903,                   0,            0.001849,            0.001849,            0.001849
                 249,             0.01131,           0.0059306,          0.00071302,                   0,                   0,                   0,                   0,                   0,           0.0085101,                   0,            0.001816,            0.001816,            0.001816
                 250,            0.010853,           0.0062247,           0.0012083,                   0,                   0,                   0,                   0,                   0,            0.008295,                   0,            0.001783,            0.001783,            0.001783
                 251,            0.010441,           0.0059214,          0.00079325,                   0,                   0,                   0,                   0,                   0,           0.0080452,                   0,             0.00175,             0.00175,             0.00175
                 252,             0.01068,           0.0061188,          0.00057872,                   0,                   0,                   0,                   0,                   0,           0.0081179,                   0,            0.001717,            0.001717,            0.001717
                 253,            0.010714,           0.0061678,          0.00094221,                   0,                   0,                   0,                   0,                   0,            0.008458,                   0,            0.001684,            0.001684,            0.001684
                 254,            0.011164,           0.0063012,          0.00053102,                   0,                   0,                   0,                   0,                   0,           0.0085137,                   0,            0.001651,            0.001651,            0.001651
                 255,           0.0099818,           0.0058678,           0.0010534,                   0,                   0,                   0,                   0,                   0,            0.008381,                   0,            0.001618,            0.001618,            0.001618
                 256,            0.010579,            0.006141,          0.00061456,                   0,                   0,                   0,                   0,                   0,           0.0082336,                   0,            0.001585,            0.001585,            0.001585
                 257,           0.0097438,           0.0055593,          0.00058819,                   0,                   0,                   0,                   0,                   0,           0.0082113,                   0,            0.001552,            0.001552,            0.001552
                 258,           0.0099167,           0.0056431,          0.00051948,                   0,                   0,                   0,                   0,                   0,           0.0082139,                   0,            0.001519,            0.001519,            0.001519
                 259,            0.010589,           0.0060749,          0.00062222,                   0,                   0,                   0,                   0,                   0,           0.0083206,                   0,            0.001486,            0.001486,            0.001486
                 260,            0.010216,           0.0057754,          0.00076562,                   0,                   0,                   0,                   0,                   0,            0.008546,                   0,            0.001453,            0.001453,            0.001453
                 261,            0.010801,           0.0061394,          0.00071049,                   0,                   0,                   0,                   0,                   0,           0.0086174,                   0,             0.00142,             0.00142,             0.00142
                 262,            0.010335,           0.0060432,          0.00089583,                   0,                   0,                   0,                   0,                   0,           0.0087382,                   0,            0.001387,            0.001387,            0.001387
                 263,             0.01036,           0.0062216,           0.0011133,                   0,                   0,                   0,                   0,                   0,           0.0088484,                   0,            0.001354,            0.001354,            0.001354
                 264,            0.010144,           0.0061747,          0.00071888,                   0,                   0,                   0,                   0,                   0,           0.0088348,                   0,            0.001321,            0.001321,            0.001321
                 265,            0.010605,           0.0061628,           0.0010245,                   0,                   0,                   0,                   0,                   0,           0.0089499,                   0,            0.001288,            0.001288,            0.001288
                 266,           0.0098697,           0.0057941,          0.00083829,                   0,                   0,                   0,                   0,                   0,           0.0089966,                   0,            0.001255,            0.001255,            0.001255
                 267,            0.010139,           0.0058175,           0.0006354,                   0,                   0,                   0,                   0,                   0,           0.0089698,                   0,            0.001222,            0.001222,            0.001222
                 268,            0.010072,           0.0061738,           0.0010634,                   0,                   0,                   0,                   0,                   0,            0.008973,                   0,            0.001189,            0.001189,            0.001189
                 269,            0.010063,           0.0058627,          0.00091513,                   0,                   0,                   0,                   0,                   0,           0.0087959,                   0,            0.001156,            0.001156,            0.001156
                 270,              0.0112,           0.0059454,           0.0013923,                   0,                   0,                   0,                   0,                   0,           0.0086959,                   0,            0.001123,            0.001123,            0.001123
                 271,            0.010012,           0.0058206,          0.00053279,                   0,                   0,                   0,                   0,                   0,           0.0087978,                   0,             0.00109,             0.00109,             0.00109
                 272,            0.010204,           0.0061408,          0.00083979,                   0,                   0,                   0,                   0,                   0,            0.008712,                   0,            0.001057,            0.001057,            0.001057
                 273,           0.0096969,           0.0059551,          0.00070559,                   0,                   0,                   0,                   0,                   0,           0.0085528,                   0,            0.001024,            0.001024,            0.001024
                 274,            0.010216,           0.0060158,          0.00089738,                   0,                   0,                   0,                   0,                   0,           0.0084109,                   0,            0.000991,            0.000991,            0.000991
                 275,           0.0091948,           0.0058045,          0.00035008,                   0,                   0,                   0,                   0,                   0,           0.0083529,                   0,            0.000958,            0.000958,            0.000958
                 276,            0.010085,           0.0060947,          0.00069448,                   0,                   0,                   0,                   0,                   0,           0.0083496,                   0,            0.000925,            0.000925,            0.000925
                 277,            0.010429,           0.0059512,          0.00050567,                   0,                   0,                   0,                   0,                   0,           0.0084797,                   0,            0.000892,            0.000892,            0.000892
                 278,           0.0096867,           0.0057211,          0.00083613,                   0,                   0,                   0,                   0,                   0,           0.0083762,                   0,            0.000859,            0.000859,            0.000859
                 279,           0.0098951,           0.0054705,          0.00050059,                   0,                   0,                   0,                   0,                   0,           0.0082914,                   0,            0.000826,            0.000826,            0.000826
                 280,           0.0099779,           0.0055516,          0.00047246,                   0,                   0,                   0,                   0,                   0,            0.008304,                   0,            0.000793,            0.000793,            0.000793
                 281,           0.0094319,           0.0055227,          0.00046168,                   0,                   0,                   0,                   0,                   0,            0.008505,                   0,             0.00076,             0.00076,             0.00076
                 282,           0.0096515,           0.0056363,           0.0010727,                   0,                   0,                   0,                   0,                   0,           0.0083643,                   0,            0.000727,            0.000727,            0.000727
                 283,            0.010099,           0.0059412,            0.001235,                   0,                   0,                   0,                   0,                   0,           0.0085581,                   0,            0.000694,            0.000694,            0.000694
                 284,           0.0093276,            0.005769,          0.00041117,                   0,                   0,                   0,                   0,                   0,           0.0086191,                   0,            0.000661,            0.000661,            0.000661
                 285,           0.0094116,           0.0058317,           0.0010451,                   0,                   0,                   0,                   0,                   0,           0.0086962,                   0,            0.000628,            0.000628,            0.000628
                 286,           0.0096867,            0.005799,          0.00072289,                   0,                   0,                   0,                   0,                   0,           0.0085744,                   0,            0.000595,            0.000595,            0.000595
                 287,           0.0097224,           0.0059292,          0.00046281,                   0,                   0,                   0,                   0,                   0,           0.0086794,                   0,            0.000562,            0.000562,            0.000562
                 288,           0.0094161,           0.0059203,          0.00061973,                   0,                   0,                   0,                   0,                   0,           0.0086963,                   0,            0.000529,            0.000529,            0.000529
                 289,             0.01005,           0.0058287,           0.0011021,                   0,                   0,                   0,                   0,                   0,           0.0086847,                   0,            0.000496,            0.000496,            0.000496
                 290,           0.0095512,           0.0060059,           0.0007659,                   0,                   0,                   0,                   0,                   0,           0.0086717,                   0,            0.000463,            0.000463,            0.000463
                 291,           0.0098712,           0.0058278,          0.00053903,                   0,                   0,                   0,                   0,                   0,           0.0087318,                   0,             0.00043,             0.00043,             0.00043
                 292,           0.0094056,           0.0057579,          0.00081657,                   0,                   0,                   0,                   0,                   0,           0.0087399,                   0,            0.000397,            0.000397,            0.000397
                 293,           0.0099475,           0.0057771,          0.00054691,                   0,                   0,                   0,                   0,                   0,           0.0085731,                   0,            0.000364,            0.000364,            0.000364
                 294,           0.0094423,           0.0055293,          0.00091468,                   0,                   0,                   0,                   0,                   0,           0.0085429,                   0,            0.000331,            0.000331,            0.000331
                 295,           0.0097452,           0.0059789,          0.00060196,                   0,                   0,                   0,                   0,                   0,           0.0085634,                   0,            0.000298,            0.000298,            0.000298
                 296,            0.010044,           0.0062961,          0.00067933,                   0,                   0,                   0,                   0,                   0,           0.0085858,                   0,            0.000265,            0.000265,            0.000265
                 297,           0.0091657,           0.0056739,          0.00068412,                   0,                   0,                   0,                   0,                   0,            0.008537,                   0,            0.000232,            0.000232,            0.000232
                 298,            0.009127,           0.0058179,           0.0005443,                   0,                   0,                   0,                   0,                   0,           0.0085386,                   0,            0.000199,            0.000199,            0.000199
                 299,           0.0096934,           0.0057561,          0.00069472,                   0,                   0,                   0,                   0,                   0,           0.0085332,                   0,            0.000166,            0.000166,            0.000166
